"date";"price_brl"
"2025-11-12";"2899.94"
"2025-11-12";"3022.87"
"2025-11-12";"3150.71"
"2025-11-12";"3499.00"
"2025-11-12";"3641.15"

"2025-11-13";"1568.49"
"2025-11-13";"1672.66"
"2025-11-13";"1795.59"
"2025-11-13";"1850.61"
"2025-11-13";"1903.76"
"2025-11-13";"2166.62"
"2025-11-13";"2720.32"
"2025-11-13";"2899.94"
"2025-11-13";"3022.87"
"2025-11-13";"3150.71"
"2025-11-13";"3277.04"
"2025-11-13";"3499.00"
"2025-11-13";"3641.15"

"2025-11-14";"1568.49"
"2025-11-14";"1618.29"
"2025-11-14";"1672.66"
"2025-11-14";"1720.00"
"2025-11-14";"1775.90"
"2025-11-14";"1795.59"
"2025-11-14";"1811.36"
"2025-11-14";"1832.95"
"2025-11-14";"1903.76"
"2025-11-14";"1955.88"
"2025-11-14";"1955.95"
"2025-11-14";"1987.78"
"2025-11-14";"2064.05"
"2025-11-14";"2118.56"
"2025-11-14";"2166.62"
"2025-11-14";"2324.90"
"2025-11-14";"2505.22"
"2025-11-14";"2674.90"
"2025-11-14";"2786.19"
"2025-11-14";"2974.90"
"2025-11-14";"3370.70"
"2025-11-14";"3499.00"
"2025-11-14";"3641.15"
"2025-11-14";"3745.20"

"2025-11-15";"1568.49"
"2025-11-15";"1618.29"
"2025-11-15";"1672.66"
"2025-11-15";"1720.00"
"2025-11-15";"1775.90"
"2025-11-15";"1795.59"
"2025-11-15";"1832.95"
"2025-11-15";"1903.76"
"2025-11-15";"1955.88"
"2025-11-15";"2064.05"
"2025-11-15";"2166.62"
"2025-11-15";"2925.49"
"2025-11-15";"3123.64"
"2025-11-15";"3277.04"
"2025-11-15";"3499.00"
"2025-11-15";"3641.15"

"2025-11-16";"1435.91"
"2025-11-16";"1530.07"
"2025-11-16";"1652.99"
"2025-11-16";"1720.00"
"2025-11-16";"1761.17"
"2025-11-16";"1832.95"
"2025-11-16";"1885.72"
"2025-11-16";"1955.88"
"2025-11-16";"2064.05"
"2025-11-16";"2166.62"
"2025-11-16";"2786.19"
"2025-11-16";"2974.90"
"2025-11-16";"3277.04"
"2025-11-16";"3499.00"
"2025-11-16";"3641.15"

"2025-11-17";"1435.91"
"2025-11-17";"1479.78"
"2025-11-17";"1530.07"
"2025-11-17";"1569.72"
"2025-11-17";"1623.90"
"2025-11-17";"1652.99"
"2025-11-17";"1761.17"
"2025-11-17";"3277.04"
"2025-11-17";"3499.00"
"2025-11-17";"3641.15"

"2025-11-18";"1183.48"
"2025-11-18";"1435.91"
"2025-11-18";"1479.78"
"2025-11-18";"1530.07"
"2025-11-18";"1623.90"
"2025-11-18";"1652.99"
"2025-11-18";"1675.05"
"2025-11-18";"1745.28"
"2025-11-18";"1761.17"
"2025-11-18";"2118.56"
"2025-11-18";"2324.90"
"2025-11-18";"3499.00"
"2025-11-18";"3641.15"

"2025-11-19";"1464.38"
"2025-11-19";"2118.56"
"2025-11-19";"2166.62"
"2025-11-19";"2324.90"
"2025-11-19";"3277.04"
"2025-11-19";"3499.00"
"2025-11-19";"3641.15"

"2025-11-20";"1213.81"
"2025-11-20";"1293.07"
"2025-11-20";"1400.26"
"2025-11-20";"1508.43"
"2025-11-20";"1885.72"
"2025-11-20";"2166.62"
"2025-11-20";"2674.04"
"2025-11-20";"2786.19"
"2025-11-20";"2855.18"
"2025-11-20";"2974.90"
"2025-11-20";"3073.84"
"2025-11-20";"3277.04"
"2025-11-20";"3282.06"
"2025-11-20";"3499.00"

"2025-11-21";"693.85"
"2025-11-21";"739.41"
"2025-11-21";"836.77"
"2025-11-21";"925.28"
"2025-11-21";"1213.81"
"2025-11-21";"1217.34"
"2025-11-21";"1293.07"
"2025-11-21";"1335.90"
"2025-11-21";"1400.26"
"2025-11-21";"1479.78"
"2025-11-21";"1508.43"
"2025-11-21";"1623.90"
"2025-11-21";"1850.61"
"2025-11-21";"2166.62"
"2025-11-21";"2224.50"
"2025-11-21";"2441.14"
"2025-11-21";"2720.32"
"2025-11-21";"2899.94"
"2025-11-21";"3022.87"
"2025-11-21";"3150.71"
"2025-11-21";"3499.00"
"2025-11-21";"3641.15"

"2025-11-22";"1213.81"
"2025-11-22";"1217.34"
"2025-11-22";"1293.07"
"2025-11-22";"1335.90"
"2025-11-22";"1400.26"
"2025-11-22";"1479.78"
"2025-11-22";"1508.43"
"2025-11-22";"1530.07"
"2025-11-22";"1618.29"
"2025-11-22";"1623.90"
"2025-11-22";"1652.99"
"2025-11-22";"1710.16"
"2025-11-22";"1720.00"
"2025-11-22";"1761.17"
"2025-11-22";"1775.90"
"2025-11-22";"1832.95"
"2025-11-22";"1955.88"
"2025-11-22";"2064.05"
"2025-11-22";"2118.56"
"2025-11-22";"2324.90"
"2025-11-22";"2720.32"
"2025-11-22";"2786.19"
"2025-11-22";"2899.94"
"2025-11-22";"2974.90"
"2025-11-22";"3022.87"
"2025-11-22";"3150.71"

"2025-11-23";"1213.81"
"2025-11-23";"1293.07"
"2025-11-23";"1400.26"
"2025-11-23";"1479.78"
"2025-11-23";"1508.43"
"2025-11-23";"1623.90"
"2025-11-23";"2118.56"
"2025-11-23";"2166.62"
"2025-11-23";"2324.90"
"2025-11-23";"2720.32"
"2025-11-23";"2786.19"
"2025-11-23";"2899.94"
"2025-11-23";"2974.90"
"2025-11-23";"3022.87"
"2025-11-23";"3150.71"
"2025-11-23";"3499.00"
"2025-11-23";"3641.15"

"2025-11-24";"1026.15"
"2025-11-24";"1094.42"
"2025-11-24";"1201.61"
"2025-11-24";"1217.34"
"2025-11-24";"1290.12"
"2025-11-24";"1335.90"
"2025-11-24";"1720.00"
"2025-11-24";"1815.50"
"2025-11-24";"1832.95"
"2025-11-24";"1955.88"
"2025-11-24";"2064.05"
"2025-11-24";"2166.62"
"2025-11-24";"2505.22"
"2025-11-24";"2674.90"
"2025-11-24";"3277.04"
"2025-11-24";"3499.00"
"2025-11-24";"3641.15"

"2025-11-25";"1025.06"
"2025-11-25";"1026.15"
"2025-11-25";"1078.15"
"2025-11-25";"1094.42"
"2025-11-25";"1124.90"
"2025-11-25";"1201.61"
"2025-11-25";"1213.81"
"2025-11-25";"1290.12"
"2025-11-25";"1293.07"
"2025-11-25";"1400.26"
"2025-11-25";"1464.38"
"2025-11-25";"1508.43"
"2025-11-25";"1618.29"
"2025-11-25";"1775.90"
"2025-11-25";"3499.00"
"2025-11-25";"3641.15"
"2025-11-25";"3745.20"

"2025-11-26";"874.63"
"2025-11-26";"891.52"
"2025-11-26";"931.18"
"2025-11-26";"951.90"
"2025-11-26";"1026.15"
"2025-11-26";"1038.37"
"2025-11-26";"1043.04"
"2025-11-26";"1094.42"
"2025-11-26";"1126.87"
"2025-11-26";"1201.61"
"2025-11-26";"1217.34"
"2025-11-26";"1290.12"
"2025-11-26";"1335.90"
"2025-11-26";"1479.78"
"2025-11-26";"1595.20"
"2025-11-26";"1612.96"
"2025-11-26";"1623.90"
"2025-11-26";"1750.56"
"2025-11-26";"1770.05"
"2025-11-26";"1885.72"
"2025-11-26";"1955.95"
"2025-11-26";"2118.56"
"2025-11-26";"2166.62"
"2025-11-26";"2324.90"
"2025-11-26";"2720.32"
"2025-11-26";"2899.94"
"2025-11-26";"3022.87"
"2025-11-26";"3150.71"
"2025-11-26";"3499.00"
"2025-11-26";"3641.15"

"2025-11-27";"874.63"
"2025-11-27";"931.18"
"2025-11-27";"1038.37"
"2025-11-27";"1126.87"
"2025-11-27";"1253.71"
"2025-11-27";"1293.07"
"2025-11-27";"1400.26"
"2025-11-27";"1508.43"
"2025-11-27";"1618.29"
"2025-11-27";"1720.00"
"2025-11-27";"1775.90"
"2025-11-27";"1832.95"
"2025-11-27";"1955.88"
"2025-11-27";"2064.05"
"2025-11-27";"2118.56"
"2025-11-27";"2166.62"
"2025-11-27";"2184.23"
"2025-11-27";"2324.90"
"2025-11-27";"2396.97"
"2025-11-27";"2720.32"
"2025-11-27";"2899.94"
"2025-11-27";"3022.87"
"2025-11-27";"3150.71"
"2025-11-27";"3277.04"
"2025-11-27";"3499.00"

"2025-11-28";"931.18"
"2025-11-28";"1038.37"
"2025-11-28";"1126.87"
"2025-11-28";"1479.78"
"2025-11-28";"1618.29"
"2025-11-28";"1623.90"
"2025-11-28";"1775.90"
"2025-11-28";"1832.95"
"2025-11-28";"1955.88"
"2025-11-28";"1961.80"
"2025-11-28";"1991.06"
"2025-11-28";"2026.17"
"2025-11-28";"2064.05"
"2025-11-28";"2118.56"
"2025-11-28";"2152.85"
"2025-11-28";"2166.62"
"2025-11-28";"2324.90"
"2025-11-28";"2899.94"
"2025-11-28";"3022.87"
"2025-11-28";"3150.71"
"2025-11-28";"3499.00"
"2025-11-28";"3641.15"

"2025-11-29";"874.63"
"2025-11-29";"913.40"
"2025-11-29";"931.18"
"2025-11-29";"975.28"
"2025-11-29";"1038.37"
"2025-11-29";"1094.42"
"2025-11-29";"1126.87"
"2025-11-29";"1201.61"
"2025-11-29";"1213.81"
"2025-11-29";"1290.12"
"2025-11-29";"1293.07"
"2025-11-29";"1400.26"
"2025-11-29";"1479.78"
"2025-11-29";"1508.43"
"2025-11-29";"1618.29"
"2025-11-29";"1623.90"
"2025-11-29";"1775.90"
"2025-11-29";"1885.72"
"2025-11-29";"2118.56"
"2025-11-29";"2324.90"
"2025-11-29";"2786.19"
"2025-11-29";"2974.90"
"2025-11-29";"3499.00"
"2025-11-29";"3641.15"

"2025-11-30";"874.63"
"2025-11-30";"891.52"
"2025-11-30";"931.18"
"2025-11-30";"951.90"
"2025-11-30";"1025.06"
"2025-11-30";"1026.15"
"2025-11-30";"1038.37"
"2025-11-30";"1066.06"
"2025-11-30";"1094.42"
"2025-11-30";"1124.90"
"2025-11-30";"1126.87"
"2025-11-30";"1169.89"
"2025-11-30";"1201.61"
"2025-11-30";"1217.34"
"2025-11-30";"1290.12"
"2025-11-30";"1335.90"
"2025-11-30";"1479.78"
"2025-11-30";"1569.72"
"2025-11-30";"1623.90"
"2025-11-30";"2166.62"
"2025-11-30";"3499.00"
"2025-11-30";"3641.15"

"2025-12-01";"691.92"
"2025-12-01";"867.48"
"2025-12-01";"874.63"
"2025-12-01";"931.18"
"2025-12-01";"951.90"
"2025-12-01";"1038.37"
"2025-12-01";"1078.15"
"2025-12-01";"1126.87"
"2025-12-01";"1218.60"
"2025-12-01";"3499.00"

"2025-12-02";"691.92"
"2025-12-02";"874.63"
"2025-12-02";"891.52"
"2025-12-02";"931.18"
"2025-12-02";"937.70"
"2025-12-02";"951.90"
"2025-12-02";"1038.37"
"2025-12-02";"1126.87"
"2025-12-02";"3499.00"
"2025-12-02";"3641.15"

"2025-12-03";"551.47"
"2025-12-03";"693.85"
"2025-12-03";"739.41"
"2025-12-03";"832.36"
"2025-12-03";"836.77"
"2025-12-03";"870.98"
"2025-12-03";"925.28"
"2025-12-03";"1007.92"
"2025-12-03";"1094.42"
"2025-12-03";"1201.61"
"2025-12-03";"1290.12"
"2025-12-03";"1604.83"
"2025-12-03";"2324.90"
"2025-12-03";"2406.27"
"2025-12-03";"2674.90"
"2025-12-03";"2974.90"

"2025-12-04";"461.42"
"2025-12-04";"551.47"
"2025-12-04";"693.85"
"2025-12-04";"739.41"
"2025-12-04";"836.77"
"2025-12-04";"891.52"
"2025-12-04";"925.28"
"2025-12-04";"951.90"
"2025-12-04";"1025.06"
"2025-12-04";"1026.15"
"2025-12-04";"1078.15"
"2025-12-04";"1094.42"
"2025-12-04";"1124.90"
"2025-12-04";"1148.37"
"2025-12-04";"1201.61"
"2025-12-04";"1217.34"
"2025-12-04";"1290.12"
"2025-12-04";"1335.90"
"2025-12-04";"1464.38"
"2025-12-04";"1479.78"
"2025-12-04";"1623.90"

"2025-12-05";"551.47"
"2025-12-05";"636.98"
"2025-12-05";"647.94"
"2025-12-05";"693.85"
"2025-12-05";"739.41"
"2025-12-05";"836.77"
"2025-12-05";"902.59"
"2025-12-05";"925.28"
"2025-12-05";"972.81"
"2025-12-05";"1026.15"
"2025-12-05";"1094.42"
"2025-12-05";"1201.61"
"2025-12-05";"1217.34"
"2025-12-05";"1290.12"
"2025-12-05";"1335.90"
"2025-12-05";"1479.78"
"2025-12-05";"1618.29"
"2025-12-05";"1623.90"
"2025-12-05";"1775.90"
"2025-12-05";"2118.56"
"2025-12-05";"2324.90"
"2025-12-05";"2720.32"
"2025-12-05";"2899.94"
"2025-12-05";"3022.87"
"2025-12-05";"3150.71"
"2025-12-05";"3277.04"
"2025-12-05";"3499.00"
"2025-12-05";"3641.15"

"2025-12-06";"691.92"
"2025-12-06";"693.85"
"2025-12-06";"739.41"
"2025-12-06";"832.36"
"2025-12-06";"836.77"
"2025-12-06";"867.48"
"2025-12-06";"904.88"
"2025-12-06";"925.28"
"2025-12-06";"966.17"
"2025-12-06";"1025.06"
"2025-12-06";"1066.06"
"2025-12-06";"1124.90"
"2025-12-06";"1169.89"
"2025-12-06";"1217.34"
"2025-12-06";"1335.90"
"2025-12-06";"1618.29"
"2025-12-06";"1675.05"
"2025-12-06";"1775.90"
"2025-12-06";"3499.00"
"2025-12-06";"3641.15"

"2025-12-07";"693.85"
"2025-12-07";"739.41"
"2025-12-07";"836.77"
"2025-12-07";"891.52"
"2025-12-07";"925.28"
"2025-12-07";"951.90"
"2025-12-07";"972.81"
"2025-12-07";"1058.89"
"2025-12-07";"1078.15"
"2025-12-07";"1162.02"
"2025-12-07";"1217.34"
"2025-12-07";"1335.90"
"2025-12-07";"1479.78"
"2025-12-07";"1623.90"
"2025-12-07";"3499.00"
"2025-12-07";"3641.15"

"2025-12-08";"337.46"
"2025-12-08";"550.71"
"2025-12-08";"560.15"
"2025-12-08";"656.80"
"2025-12-08";"693.85"
"2025-12-08";"722.13"
"2025-12-08";"739.41"
"2025-12-08";"762.14"
"2025-12-08";"771.03"
"2025-12-08";"832.36"
"2025-12-08";"836.77"
"2025-12-08";"874.63"
"2025-12-08";"891.52"
"2025-12-08";"925.28"
"2025-12-08";"931.18"
"2025-12-08";"951.90"
"2025-12-08";"972.81"
"2025-12-08";"1038.37"
"2025-12-08";"1126.87"
"2025-12-08";"1217.34"
"2025-12-08";"1335.90"
"2025-12-08";"3499.00"
"2025-12-08";"3641.15"

"2025-12-09";"337.46"
"2025-12-09";"399.44"
"2025-12-09";"430.43"
"2025-12-09";"550.71"
"2025-12-09";"551.47"
"2025-12-09";"555.60"
"2025-12-09";"556.82"
"2025-12-09";"611.90"
"2025-12-09";"691.92"
"2025-12-09";"693.85"
"2025-12-09";"739.41"
"2025-12-09";"836.77"
"2025-12-09";"925.28"
"2025-12-09";"1435.91"
"2025-12-09";"1530.07"
"2025-12-09";"1652.99"
"2025-12-09";"1761.17"
"2025-12-09";"3499.00"

"2025-12-10";"355.54"
"2025-12-10";"436.90"
"2025-12-10";"481.24"
"2025-12-10";"506.04"
"2025-12-10";"514.75"
"2025-12-10";"611.90"
"2025-12-10";"621.69"
"2025-12-10";"622.42"
"2025-12-10";"656.80"
"2025-12-10";"691.92"
"2025-12-10";"859.14"
"2025-12-10";"884.95"
"2025-12-10";"891.52"
"2025-12-10";"944.91"
"2025-12-10";"951.90"
"2025-12-10";"1025.06"
"2025-12-10";"1026.15"
"2025-12-10";"1094.42"
"2025-12-10";"1124.90"
"2025-12-10";"1201.61"
"2025-12-10";"1290.12"
"2025-12-10";"1293.07"
"2025-12-10";"1400.26"
"2025-12-10";"1435.91"
"2025-12-10";"1508.43"
"2025-12-10";"1530.07"
"2025-12-10";"1652.99"
"2025-12-10";"1761.17"
"2025-12-10";"2118.56"
"2025-12-10";"2324.90"

"2025-12-11";"430.43"
"2025-12-11";"525.12"
"2025-12-11";"593.87"
"2025-12-11";"691.23"
"2025-12-11";"691.92"
"2025-12-11";"739.41"
"2025-12-11";"769.90"
"2025-12-11";"836.77"
"2025-12-11";"925.28"
"2025-12-11";"1025.06"
"2025-12-11";"1026.15"
"2025-12-11";"1078.15"
"2025-12-11";"1080.99"
"2025-12-11";"1094.42"
"2025-12-11";"1124.90"
"2025-12-11";"1186.27"
"2025-12-11";"1201.61"
"2025-12-11";"1290.12"
"2025-12-11";"1326.90"
"2025-12-11";"1456.13"
"2025-12-11";"1479.78"
"2025-12-11";"1618.29"
"2025-12-11";"1623.90"
"2025-12-11";"1775.90"
"2025-12-11";"3499.00"
"2025-12-11";"3641.15"

"2025-12-12";"1217.34"
"2025-12-12";"1288.82"
"2025-12-12";"1323.93"
"2025-12-12";"1335.90"
"2025-12-12";"1359.04"
"2025-12-12";"2040.24"
"2025-12-12";"2175.18"
"2025-12-12";"2298.10"
"2025-12-12";"2425.94"
"2025-12-12";"3277.04"
"2025-12-12";"3499.00"
"2025-12-12";"3641.15"

"2025-12-13";"912.51"
"2025-12-13";"1026.15"
"2025-12-13";"1112.90"
"2025-12-13";"1221.90"
"2025-12-13";"1311.90"
"2025-12-13";"1435.91"
"2025-12-13";"1479.78"
"2025-12-13";"1555.90"
"2025-12-13";"1618.29"
"2025-12-13";"1623.90"
"2025-12-13";"1680.90"
"2025-12-13";"1720.00"
"2025-12-13";"1775.90"
"2025-12-13";"1790.90"
"2025-12-13";"1863.90"
"2025-12-13";"1988.90"
"2025-12-13";"2098.90"
"2025-12-13";"2118.56"
"2025-12-13";"2120.69"
"2025-12-13";"2166.62"
"2025-12-13";"2324.90"
"2025-12-13";"2327.22"
"2025-12-13";"2505.22"
"2025-12-13";"2674.90"
"2025-12-13";"3277.04"
"2025-12-13";"3499.00"

"2025-12-14";"1213.81"
"2025-12-14";"1314.90"
"2025-12-14";"1423.90"
"2025-12-14";"1479.78"
"2025-12-14";"1533.90"
"2025-12-14";"1623.90"
"2025-12-14";"1720.00"
"2025-12-14";"1863.90"
"2025-12-14";"1988.90"
"2025-12-14";"2026.17"
"2025-12-14";"2098.90"
"2025-12-14";"2118.56"
"2025-12-14";"2324.90"
"2025-12-14";"3499.00"
"2025-12-14";"3641.15"

"2025-12-15";"671.90"
"2025-12-15";"683.45"
"2025-12-15";"979.54"
"2025-12-15";"1026.15"
"2025-12-15";"1045.90"
"2025-12-15";"1112.90"
"2025-12-15";"1126.22"
"2025-12-15";"1221.90"
"2025-12-15";"1235.90"
"2025-12-15";"1311.90"
"2025-12-15";"1337.63"
"2025-12-15";"1359.04"
"2025-12-15";"1467.90"
"2025-12-15";"1778.67"
"2025-12-15";"1780.39"
"2025-12-15";"1951.90"
"2025-12-15";"3499.00"
"2025-12-15";"3641.15"

"2025-12-16";"586.58"
"2025-12-16";"671.90"
"2025-12-16";"683.45"
"2025-12-16";"762.72"
"2025-12-16";"935.48"
"2025-12-16";"979.54"
"2025-12-16";"998.83"
"2025-12-16";"1007.92"
"2025-12-16";"1045.90"
"2025-12-16";"1213.81"
"2025-12-16";"1314.90"
"2025-12-16";"1423.90"
"2025-12-16";"1533.90"
"2025-12-16";"1555.90"
"2025-12-16";"1680.90"
"2025-12-16";"1790.90"
"2025-12-16";"2329.07"
"2025-12-16";"2555.90"
"2025-12-16";"3499.00"
"2025-12-16";"3641.15"

"2025-12-17";"903.15"
"2025-12-17";"964.31"
"2025-12-17";"1007.92"
"2025-12-17";"1026.15"
"2025-12-17";"1112.90"
"2025-12-17";"1126.22"
"2025-12-17";"1213.81"
"2025-12-17";"1221.90"
"2025-12-17";"1235.90"
"2025-12-17";"1253.71"
"2025-12-17";"1311.90"
"2025-12-17";"1314.90"
"2025-12-17";"1337.63"
"2025-12-17";"1423.90"
"2025-12-17";"1467.90"
"2025-12-17";"1533.90"
"2025-12-17";"1720.00"
"2025-12-17";"1863.90"
"2025-12-17";"1988.90"
"2025-12-17";"2098.90"
"2025-12-17";"2329.07"
"2025-12-17";"2555.90"

"2025-12-18";"1026.15"
"2025-12-18";"1112.90"
"2025-12-18";"1221.90"
"2025-12-18";"1311.90"
"2025-12-18";"1323.93"
"2025-12-18";"1337.63"
"2025-12-18";"1467.90"
"2025-12-18";"1626.49"
"2025-12-18";"1778.67"
"2025-12-18";"1784.90"
"2025-12-18";"1951.90"
"2025-12-18";"2061.28"
"2025-12-18";"3499.00"
"2025-12-18";"3641.15"

"2025-12-19";"2040.24"
"2025-12-19";"2096.40"
"2025-12-19";"2166.62"
"2025-12-19";"2211.90"
"2025-12-19";"2336.90"
"2025-12-19";"2466.90"
"2025-12-19";"2720.32"
"2025-12-19";"2754.33"
"2025-12-19";"2940.90"
"2025-12-19";"2948.90"
"2025-12-19";"3063.41"
"2025-12-19";"3073.90"
"2025-12-19";"3203.90"
"2025-12-19";"3270.90"
"2025-12-19";"3277.04"
"2025-12-19";"3499.00"
"2025-12-19";"3641.15"

"2025-12-20";"1626.49"
"2025-12-20";"1784.90"
"2025-12-20";"2040.24"
"2025-12-20";"2061.28"
"2025-12-20";"2166.62"
"2025-12-20";"2211.90"
"2025-12-20";"2329.07"
"2025-12-20";"2336.90"
"2025-12-20";"2466.90"
"2025-12-20";"2555.90"
"2025-12-20";"2720.32"
"2025-12-20";"2754.33"
"2025-12-20";"2940.90"
"2025-12-20";"2948.90"
"2025-12-20";"3063.41"
"2025-12-20";"3073.90"
"2025-12-20";"3203.90"
"2025-12-20";"3270.90"
"2025-12-20";"3499.00"
"2025-12-20";"3641.15"

"2025-12-21";"1213.81"
"2025-12-21";"1314.90"
"2025-12-21";"1423.90"
"2025-12-21";"1533.90"
"2025-12-21";"1778.67"
"2025-12-21";"1881.87"
"2025-12-21";"1951.90"
"2025-12-21";"2061.28"
"2025-12-21";"2065.16"
"2025-12-21";"2329.07"
"2025-12-21";"2555.90"
"2025-12-21";"3063.41"
"2025-12-21";"3270.90"
"2025-12-21";"3499.00"
"2025-12-21";"3641.15"

"2025-12-22";"979.54"
"2025-12-22";"1045.90"
"2025-12-22";"1126.22"
"2025-12-22";"1213.81"
"2025-12-22";"1235.90"
"2025-12-22";"1314.90"
"2025-12-22";"1337.63"
"2025-12-22";"1423.90"
"2025-12-22";"1467.90"
"2025-12-22";"1533.90"
"2025-12-22";"1626.49"
"2025-12-22";"1784.90"
"2025-12-22";"2026.17"
"2025-12-22";"2061.28"
"2025-12-22";"2096.40"
"2025-12-22";"2329.07"
"2025-12-22";"2555.90"
"2025-12-22";"3499.00"
"2025-12-22";"3641.15"

"2025-12-23";"896.28"
"2025-12-23";"956.99"
"2025-12-23";"979.54"
"2025-12-23";"1045.90"
"2025-12-23";"1126.22"
"2025-12-23";"1235.90"
"2025-12-23";"1337.63"
"2025-12-23";"1435.91"
"2025-12-23";"1467.90"
"2025-12-23";"1555.90"
"2025-12-23";"1680.90"
"2025-12-23";"1772.16"
"2025-12-23";"1780.39"
"2025-12-23";"1790.90"
"2025-12-23";"2040.24"
"2025-12-23";"2051.71"
"2025-12-23";"2061.28"
"2025-12-23";"2211.90"
"2025-12-23";"2336.90"
"2025-12-23";"2466.90"
"2025-12-23";"3499.00"
"2025-12-23";"3641.15"

"2025-12-24";"847.31"
"2025-12-24";"904.70"
"2025-12-24";"947.23"
"2025-12-24";"979.54"
"2025-12-24";"1011.38"
"2025-12-24";"1035.09"
"2025-12-24";"1045.90"
"2025-12-24";"1112.90"
"2025-12-24";"1221.90"
"2025-12-24";"1224.40"
"2025-12-24";"1311.90"
"2025-12-24";"1314.90"
"2025-12-24";"1337.63"
"2025-12-24";"1422.72"
"2025-12-24";"1423.90"
"2025-12-24";"1467.90"
"2025-12-24";"1533.90"
"2025-12-24";"1626.49"
"2025-12-24";"1784.90"

"2025-12-25";"1045.90"
"2025-12-25";"1387.77"
"2025-12-25";"1422.72"
"2025-12-25";"1467.90"
"2025-12-25";"1491.38"
"2025-12-25";"1784.90"
"2025-12-25";"3499.00"

"2025-12-26";"1626.49"
"2025-12-26";"1778.67"
"2025-12-26";"1784.90"
"2025-12-26";"1951.90"
"2025-12-26";"2058.03"
"2025-12-26";"2086.65"
"2025-12-26";"2096.40"
"2025-12-26";"2211.90"
"2025-12-26";"2329.07"
"2025-12-26";"2336.90"
"2025-12-26";"2466.90"
"2025-12-26";"2555.90"
"2025-12-26";"2754.33"
"2025-12-26";"2940.90"
"2025-12-26";"3277.04"
"2025-12-26";"3499.00"
"2025-12-26";"3641.15"

"2025-12-27";"1213.81"
"2025-12-27";"1224.40"
"2025-12-27";"1314.90"
"2025-12-27";"1423.90"
"2025-12-27";"1435.91"
"2025-12-27";"1448.44"
"2025-12-27";"1533.90"
"2025-12-27";"1555.90"
"2025-12-27";"1626.49"
"2025-12-27";"1680.90"
"2025-12-27";"1720.00"
"2025-12-27";"1735.00"
"2025-12-27";"1784.90"
"2025-12-27";"1790.90"
"2025-12-27";"1863.90"
"2025-12-27";"1988.90"
"2025-12-27";"2061.28"
"2025-12-27";"2096.40"
"2025-12-27";"2098.90"
"2025-12-27";"2329.07"
"2025-12-27";"2555.90"
"2025-12-27";"2720.32"
"2025-12-27";"2744.04"
"2025-12-27";"2754.33"
"2025-12-27";"2940.90"
"2025-12-27";"2948.90"
"2025-12-27";"3063.41"
"2025-12-27";"3073.90"
"2025-12-27";"3203.90"
"2025-12-27";"3270.90"
"2025-12-27";"3499.00"
"2025-12-27";"3641.15"

"2025-12-28";"1435.91"
"2025-12-28";"1555.90"
"2025-12-28";"1626.49"
"2025-12-28";"1680.90"
"2025-12-28";"1772.16"
"2025-12-28";"1778.67"
"2025-12-28";"1780.39"
"2025-12-28";"1784.90"
"2025-12-28";"1790.90"
"2025-12-28";"1951.90"
"2025-12-28";"2040.24"
"2025-12-28";"2121.60"
"2025-12-28";"2131.51"
"2025-12-28";"2211.90"
"2025-12-28";"2329.07"
"2025-12-28";"2336.90"
"2025-12-28";"2466.90"
"2025-12-28";"2555.90"
"2025-12-28";"3063.41"
"2025-12-28";"3270.90"
"2025-12-28";"3277.04"
"2025-12-28";"3499.00"

"2025-12-29";"1337.63"
"2025-12-29";"1467.90"
"2025-12-29";"1626.49"
"2025-12-29";"1735.00"
"2025-12-29";"1778.67"
"2025-12-29";"1784.90"
"2025-12-29";"1863.90"
"2025-12-29";"1951.90"
"2025-12-29";"1988.90"
"2025-12-29";"2086.65"
"2025-12-29";"2098.90"
"2025-12-29";"3499.00"
"2025-12-29";"3641.15"

"2025-12-30";"545.79"
"2025-12-30";"550.54"
"2025-12-30";"979.54"
"2025-12-30";"1026.15"
"2025-12-30";"1035.09"
"2025-12-30";"1045.90"
"2025-12-30";"1112.90"
"2025-12-30";"1221.90"
"2025-12-30";"1311.90"
"2025-12-30";"1337.63"
"2025-12-30";"1467.90"
"2025-12-30";"1626.49"
"2025-12-30";"1778.67"
"2025-12-30";"1784.90"
"2025-12-30";"1951.90"
"2025-12-30";"2051.71"
"2025-12-30";"2086.65"
"2025-12-30";"3499.00"
"2025-12-30";"3641.15"

"2025-12-31";"793.72"
"2025-12-31";"882.26"
"2025-12-31";"946.90"
"2025-12-31";"979.54"
"2025-12-31";"1035.09"
"2025-12-31";"1045.90"
"2025-12-31";"1055.90"
"2025-12-31";"1112.90"
"2025-12-31";"1126.22"
"2025-12-31";"1145.90"
"2025-12-31";"1203.84"
"2025-12-31";"1221.90"
"2025-12-31";"1235.90"
"2025-12-31";"1311.90"
"2025-12-31";"1321.11"
"2025-12-31";"3499.00"
"2025-12-31";"3641.15"

"2026-01-01";"671.90"
"2026-01-01";"683.45"
"2026-01-01";"979.54"
"2026-01-01";"1045.90"
"2026-01-01";"1126.22"
"2026-01-01";"1235.90"
"2026-01-01";"1352.83"
"2026-01-01";"1387.77"
"2026-01-01";"1546.79"
"2026-01-01";"1697.43"
"2026-01-01";"3499.00"
"2026-01-01";"3641.15"

"2026-01-02";"1126.22"
"2026-01-02";"1235.90"
"2026-01-02";"1337.63"
"2026-01-02";"1467.90"
"2026-01-02";"1626.49"
"2026-01-02";"1784.90"
"2026-01-02";"2016.76"
"2026-01-02";"2051.71"
"2026-01-02";"2329.07"
"2026-01-02";"2555.90"
"2026-01-02";"2744.04"
"2026-01-02";"2948.90"
"2026-01-02";"3073.90"
"2026-01-02";"3203.90"
"2026-01-02";"3277.04"
"2026-01-02";"3499.00"
"2026-01-02";"3641.15"

"2026-01-03";"1035.09"
"2026-01-03";"1112.90"
"2026-01-03";"1221.90"
"2026-01-03";"1224.40"
"2026-01-03";"1311.90"
"2026-01-03";"1314.90"
"2026-01-03";"1337.63"
"2026-01-03";"1341.86"
"2026-01-03";"1423.90"
"2026-01-03";"1467.90"
"2026-01-03";"1472.54"
"2026-01-03";"1533.90"
"2026-01-03";"1626.49"
"2026-01-03";"1735.00"
"2026-01-03";"1778.67"
"2026-01-03";"1784.90"
"2026-01-03";"1863.90"
"2026-01-03";"1951.90"
"2026-01-03";"1988.90"
"2026-01-03";"2051.71"
"2026-01-03";"2098.90"
"2026-01-03";"2329.07"
"2026-01-03";"2555.90"
"2026-01-03";"2744.04"
"2026-01-03";"2948.90"
"2026-01-03";"3073.90"
"2026-01-03";"3203.90"
"2026-01-03";"3277.04"
"2026-01-03";"3499.00"
"2026-01-03";"3641.15"

"2026-01-04";"1224.40"
"2026-01-04";"1314.90"
"2026-01-04";"1423.90"
"2026-01-04";"1448.44"
"2026-01-04";"1533.90"
"2026-01-04";"1553.29"
"2026-01-04";"1555.90"
"2026-01-04";"1626.49"
"2026-01-04";"1680.90"
"2026-01-04";"1704.57"
"2026-01-04";"1784.90"
"2026-01-04";"1790.90"
"2026-01-04";"2051.71"
"2026-01-04";"2086.65"
"2026-01-04";"2329.07"
"2026-01-04";"2555.90"
"2026-01-04";"3063.41"
"2026-01-04";"3270.90"
"2026-01-04";"3499.00"
"2026-01-04";"3641.15"

"2026-01-05";"1096.91"
"2026-01-05";"1203.76"
"2026-01-05";"1210.55"
"2026-01-05";"1224.40"
"2026-01-05";"1328.44"
"2026-01-05";"1337.63"
"2026-01-05";"1467.90"
"2026-01-05";"1626.49"
"2026-01-05";"1778.67"
"2026-01-05";"1784.90"
"2026-01-05";"1951.90"
"2026-01-05";"2016.76"
"2026-01-05";"2051.71"
"2026-01-05";"2329.07"
"2026-01-05";"2555.90"
"2026-01-05";"3499.00"
"2026-01-05";"3641.15"

"2026-01-06";"979.54"
"2026-01-06";"1035.09"
"2026-01-06";"1112.90"
"2026-01-06";"1121.70"
"2026-01-06";"1126.22"
"2026-01-06";"1221.90"
"2026-01-06";"1311.90"
"2026-01-06";"1337.63"
"2026-01-06";"1626.49"
"2026-01-06";"2016.76"
"2026-01-06";"2051.71"
"2026-01-06";"2744.04"
"2026-01-06";"2948.90"
"2026-01-06";"3073.90"
"2026-01-06";"3203.90"
"2026-01-06";"3641.15"

"2026-01-07";"699.90"
"2026-01-07";"751.90"
"2026-01-07";"783.63"
"2026-01-07";"836.72"
"2026-01-07";"850.90"
"2026-01-07";"882.26"
"2026-01-07";"940.90"
"2026-01-07";"946.90"
"2026-01-07";"979.54"
"2026-01-07";"1038.33"
"2026-01-07";"1045.90"
"2026-01-07";"1055.90"
"2026-01-07";"1102.57"
"2026-01-07";"1126.22"
"2026-01-07";"1145.90"
"2026-01-07";"1209.94"
"2026-01-07";"1235.90"
"2026-01-07";"1448.44"
"2026-01-07";"1555.90"
"2026-01-07";"1680.90"
"2026-01-07";"1778.67"
"2026-01-07";"1790.90"
"2026-01-07";"1951.90"

"2026-01-08";"882.26"
"2026-01-08";"946.90"
"2026-01-08";"979.54"
"2026-01-08";"984.45"
"2026-01-08";"1038.33"
"2026-01-08";"1045.90"
"2026-01-08";"1051.12"
"2026-01-08";"1055.90"
"2026-01-08";"1126.22"
"2026-01-08";"1145.90"
"2026-01-08";"1235.90"
"2026-01-08";"1626.49"
"2026-01-08";"1784.90"
"2026-01-08";"1981.82"

"2026-01-09";"671.90"
"2026-01-09";"683.45"
"2026-01-09";"699.44"
"2026-01-09";"711.48"
"2026-01-09";"979.54"
"2026-01-09";"1003.39"
"2026-01-09";"1038.33"
"2026-01-09";"1045.90"
"2026-01-09";"1126.22"
"2026-01-09";"1143.16"
"2026-01-09";"1235.90"
"2026-01-09";"1337.63"
"2026-01-09";"1448.44"
"2026-01-09";"1467.90"
"2026-01-09";"1555.90"
"2026-01-09";"1680.90"
"2026-01-09";"1790.90"
"2026-01-09";"2058.03"
"2026-01-09";"2211.90"
"2026-01-09";"2336.90"
"2026-01-09";"2466.90"
"2026-01-09";"3499.00"
"2026-01-09";"3641.15"

"2026-01-10";"671.90"
"2026-01-10";"751.90"
"2026-01-10";"850.90"
"2026-01-10";"912.02"
"2026-01-10";"940.90"
"2026-01-10";"946.90"
"2026-01-10";"1038.33"
"2026-01-10";"1045.90"
"2026-01-10";"1055.90"
"2026-01-10";"1145.90"
"2026-01-10";"1235.90"
"2026-01-10";"1467.90"
"2026-01-10";"3499.00"

"2026-01-11";"699.90"
"2026-01-11";"751.90"
"2026-01-11";"850.90"
"2026-01-11";"882.26"
"2026-01-11";"940.90"
"2026-01-11";"946.90"
"2026-01-11";"979.54"
"2026-01-11";"999.14"
"2026-01-11";"1038.33"
"2026-01-11";"1045.90"
"2026-01-11";"1055.90"
"2026-01-11";"1066.81"
"2026-01-11";"1126.22"
"2026-01-11";"1145.90"
"2026-01-11";"1235.90"
"2026-01-11";"1317.88"
"2026-01-11";"1626.49"
"2026-01-11";"1784.90"
"2026-01-11";"3499.00"
"2026-01-11";"3641.15"

"2026-01-12";"679.60"
"2026-01-12";"725.65"
"2026-01-12";"882.26"
"2026-01-12";"946.90"
"2026-01-12";"979.54"
"2026-01-12";"1003.39"
"2026-01-12";"1038.33"
"2026-01-12";"1045.90"
"2026-01-12";"1055.90"
"2026-01-12";"1071.02"
"2026-01-12";"1126.22"
"2026-01-12";"1143.16"
"2026-01-12";"1145.90"
"2026-01-12";"1175.34"
"2026-01-12";"1235.90"
"2026-01-12";"1337.63"
"2026-01-12";"1467.90"
"2026-01-12";"3499.00"
"2026-01-12";"3641.15"

"2026-01-13";"284.75"
"2026-01-13";"349.90"
"2026-01-13";"671.90"
"2026-01-13";"683.45"
"2026-01-13";"882.26"
"2026-01-13";"946.90"
"2026-01-13";"979.54"
"2026-01-13";"1038.33"
"2026-01-13";"1045.90"
"2026-01-13";"1055.90"
"2026-01-13";"1126.22"
"2026-01-13";"1145.90"
"2026-01-13";"1235.90"
"2026-01-13";"1317.88"
"2026-01-13";"2744.04"
"2026-01-13";"2948.90"
"2026-01-13";"3073.90"
"2026-01-13";"3203.90"
"2026-01-13";"3499.00"
"2026-01-13";"3641.15"

"2026-01-14";"671.90"
"2026-01-14";"683.45"
"2026-01-14";"699.90"
"2026-01-14";"706.24"
"2026-01-14";"751.90"
"2026-01-14";"754.09"
"2026-01-14";"850.90"
"2026-01-14";"940.90"
"2026-01-14";"979.54"
"2026-01-14";"1038.33"
"2026-01-14";"1045.90"
"2026-01-14";"1178.11"
"2026-01-14";"1337.63"
"2026-01-14";"1467.90"

"2026-01-15";"671.90"
"2026-01-15";"683.45"
"2026-01-15";"699.90"
"2026-01-15";"751.90"
"2026-01-15";"850.90"
"2026-01-15";"940.90"
"2026-01-15";"979.54"
"2026-01-15";"999.14"
"2026-01-15";"1038.33"
"2026-01-15";"1045.90"
"2026-01-15";"1066.81"
"2026-01-15";"1317.88"

"2026-01-16";"671.90"
"2026-01-16";"683.45"
"2026-01-16";"699.90"
"2026-01-16";"853.19"
"2026-01-16";"910.97"
"2026-01-16";"979.54"
"2026-01-16";"1038.33"
"2026-01-16";"1045.90"
"2026-01-16";"1143.16"
"2026-01-16";"1626.49"
"2026-01-16";"1784.90"
"2026-01-16";"2058.03"
"2026-01-16";"3499.00"
"2026-01-16";"3641.15"

"2026-01-17";"671.90"
"2026-01-17";"683.45"
"2026-01-17";"699.90"
"2026-01-17";"751.90"
"2026-01-17";"772.87"
"2026-01-17";"825.21"
"2026-01-17";"850.90"
"2026-01-17";"940.90"
"2026-01-17";"979.54"
"2026-01-17";"1038.33"
"2026-01-17";"1045.90"
"2026-01-17";"1317.88"
"2026-01-17";"3499.00"
"2026-01-17";"3641.15"

"2026-01-18";"671.90"
"2026-01-18";"683.45"
"2026-01-18";"699.90"
"2026-01-18";"751.90"
"2026-01-18";"850.90"
"2026-01-18";"940.90"
"2026-01-18";"979.54"
"2026-01-18";"1035.09"
"2026-01-18";"1038.33"
"2026-01-18";"1045.90"
"2026-01-18";"1112.90"
"2026-01-18";"1143.16"
"2026-01-18";"1221.90"
"2026-01-18";"1311.90"
"2026-01-18";"3499.00"
"2026-01-18";"3641.15"

"2026-01-19";"671.90"
"2026-01-19";"683.45"
"2026-01-19";"699.90"
"2026-01-19";"751.90"
"2026-01-19";"850.90"
"2026-01-19";"940.90"
"2026-01-19";"979.54"
"2026-01-19";"1038.33"
"2026-01-19";"1045.90"
"2026-01-19";"1108.22"
"2026-01-19";"3499.00"
"2026-01-19";"3641.15"

"2026-01-20";"284.75"
"2026-01-20";"349.90"
"2026-01-20";"612.77"
"2026-01-20";"623.30"
"2026-01-20";"671.90"
"2026-01-20";"683.45"
"2026-01-20";"685.33"
"2026-01-20";"697.12"
"2026-01-20";"699.90"
"2026-01-20";"751.90"
"2026-01-20";"850.90"
"2026-01-20";"940.90"
"2026-01-20";"979.54"
"2026-01-20";"1038.33"
"2026-01-20";"1045.90"
"2026-01-20";"1108.22"
"2026-01-20";"1735.00"
"2026-01-20";"1863.90"
"2026-01-20";"1988.90"
"2026-01-20";"2098.90"
"2026-01-20";"3499.00"
"2026-01-20";"3641.15"

"2026-01-21";"284.75"
"2026-01-21";"349.90"
"2026-01-21";"470.33"
"2026-01-21";"478.42"
"2026-01-21";"604.71"
"2026-01-21";"615.10"
"2026-01-21";"671.90"
"2026-01-21";"683.45"
"2026-01-21";"699.90"
"2026-01-21";"751.90"
"2026-01-21";"850.90"
"2026-01-21";"940.90"
"2026-01-21";"1038.33"

"2026-01-22";"671.90"
"2026-01-22";"683.45"
"2026-01-22";"699.90"
"2026-01-22";"751.90"
"2026-01-22";"850.90"
"2026-01-22";"940.90"
"2026-01-22";"979.54"
"2026-01-22";"1038.33"
"2026-01-22";"1045.90"

"2026-01-23";"274.40"
"2026-01-23";"603.90"
"2026-01-23";"671.90"
"2026-01-23";"683.45"
"2026-01-23";"702.90"
"2026-01-23";"782.90"
"2026-01-23";"882.26"
"2026-01-23";"946.90"
"2026-01-23";"979.54"
"2026-01-23";"1003.39"
"2026-01-23";"1038.33"
"2026-01-23";"1045.90"
"2026-01-23";"1055.90"
"2026-01-23";"1143.16"
"2026-01-23";"1145.90"
"2026-01-23";"3499.00"
"2026-01-23";"3641.15"

"2026-01-24";"562.70"
"2026-01-24";"603.90"
"2026-01-24";"671.90"
"2026-01-24";"683.45"
"2026-01-24";"699.90"
"2026-01-24";"702.90"
"2026-01-24";"751.90"
"2026-01-24";"782.90"
"2026-01-24";"850.90"
"2026-01-24";"940.90"
"2026-01-24";"979.54"
"2026-01-24";"1038.33"
"2026-01-24";"1045.90"
"2026-01-24";"3499.00"
"2026-01-24";"3641.15"

"2026-01-25";"274.40"
"2026-01-25";"496.90"
"2026-01-25";"517.55"
"2026-01-25";"542.89"
"2026-01-25";"552.21"
"2026-01-25";"595.90"
"2026-01-25";"603.90"
"2026-01-25";"660.90"
"2026-01-25";"671.90"
"2026-01-25";"683.45"
"2026-01-25";"699.90"
"2026-01-25";"702.90"
"2026-01-25";"751.90"
"2026-01-25";"782.90"
"2026-01-25";"850.90"
"2026-01-25";"940.90"
"2026-01-25";"979.54"
"2026-01-25";"1003.39"
"2026-01-25";"1045.90"
"2026-01-25";"3499.00"
"2026-01-25";"3641.15"

"2026-01-26";"284.75"
"2026-01-26";"349.90"
"2026-01-26";"470.33"
"2026-01-26";"478.42"
"2026-01-26";"496.90"
"2026-01-26";"517.55"
"2026-01-26";"595.90"
"2026-01-26";"604.71"
"2026-01-26";"615.10"
"2026-01-26";"660.90"
"2026-01-26";"671.90"
"2026-01-26";"683.45"
"2026-01-26";"1038.33"
"2026-01-26";"1143.16"
"2026-01-26";"3499.00"
"2026-01-26";"3641.15"

"2026-01-27";"256.27"
"2026-01-27";"284.75"
"2026-01-27";"314.91"
"2026-01-27";"349.90"
"2026-01-27";"562.70"
"2026-01-27";"584.06"
"2026-01-27";"603.90"
"2026-01-27";"671.90"
"2026-01-27";"683.45"
"2026-01-27";"702.90"
"2026-01-27";"782.90"
"2026-01-27";"979.54"
"2026-01-27";"1045.90"
"2026-01-27";"1126.22"
"2026-01-27";"1235.90"
"2026-01-27";"1422.72"
"2026-01-27";"1735.00"
"2026-01-27";"1863.90"
"2026-01-27";"1988.90"
"2026-01-27";"2098.90"
"2026-01-27";"3499.00"
"2026-01-27";"3641.15"

"2026-01-28";"284.75"
"2026-01-28";"349.90"
"2026-01-28";"562.70"
"2026-01-28";"584.06"
"2026-01-28";"603.90"
"2026-01-28";"671.90"
"2026-01-28";"683.45"
"2026-01-28";"702.90"
"2026-01-28";"782.90"
"2026-01-28";"979.54"
"2026-01-28";"1045.90"

"2026-01-29";"284.75"
"2026-01-29";"349.90"
"2026-01-29";"562.70"
"2026-01-29";"584.06"
"2026-01-29";"603.90"
"2026-01-29";"671.90"
"2026-01-29";"683.45"
"2026-01-29";"702.90"
"2026-01-29";"782.90"

"2026-01-30";"274.40"
"2026-01-30";"496.90"
"2026-01-30";"562.70"
"2026-01-30";"584.06"
"2026-01-30";"595.90"
"2026-01-30";"603.90"
"2026-01-30";"660.90"
"2026-01-30";"671.90"
"2026-01-30";"683.45"
"2026-01-30";"702.90"
"2026-01-30";"782.90"
"2026-01-30";"831.64"
"2026-01-30";"979.54"
"2026-01-30";"1045.90"
"2026-01-30";"1337.63"
"2026-01-30";"1467.90"
"2026-01-30";"3499.00"
"2026-01-30";"3641.15"

"2026-01-31";"562.70"
"2026-01-31";"584.06"
"2026-01-31";"603.90"
"2026-01-31";"671.90"
"2026-01-31";"683.45"
"2026-01-31";"699.90"
"2026-01-31";"702.90"
"2026-01-31";"751.90"
"2026-01-31";"782.90"
"2026-01-31";"850.90"
"2026-01-31";"933.50"
"2026-01-31";"940.90"
"2026-01-31";"1126.22"
"2026-01-31";"1148.73"
"2026-01-31";"1235.90"
"2026-01-31";"1260.61"
"2026-01-31";"1626.49"
"2026-01-31";"1784.90"
"2026-01-31";"3499.00"
"2026-01-31";"3641.15"

"2026-02-01";"562.70"
"2026-02-01";"584.06"
"2026-02-01";"603.90"
"2026-02-01";"702.90"
"2026-02-01";"782.90"
"2026-02-01";"797.35"
"2026-02-01";"851.36"
"2026-02-01";"898.56"
"2026-02-01";"972.71"
"2026-02-01";"979.54"
"2026-02-01";"1038.57"
"2026-02-01";"1045.90"
"2026-02-01";"1126.22"
"2026-02-01";"1235.90"
"2026-02-01";"1632.38"

"2026-02-02";"256.27"
"2026-02-02";"272.77"
"2026-02-02";"284.75"
"2026-02-02";"314.91"
"2026-02-02";"335.20"
"2026-02-02";"349.90"
"2026-02-02";"496.90"
"2026-02-02";"517.55"
"2026-02-02";"584.06"
"2026-02-02";"595.90"
"2026-02-02";"660.90"
"2026-02-02";"671.90"
"2026-02-02";"683.45"
"2026-02-02";"898.56"
"2026-02-02";"3499.00"
"2026-02-02";"3641.15"

"2026-02-03";"234.29"
"2026-02-03";"242.37"
"2026-02-03";"260.33"
"2026-02-03";"287.91"
"2026-02-03";"297.82"
"2026-02-03";"319.90"
"2026-02-03";"584.06"
"2026-02-03";"611.90"
"2026-02-03";"622.42"
"2026-02-03";"699.90"
"2026-02-03";"751.90"
"2026-02-03";"850.90"
"2026-02-03";"882.26"
"2026-02-03";"940.90"
"2026-02-03";"946.90"
"2026-02-03";"1055.90"
"2026-02-03";"1145.90"
"2026-02-03";"3499.00"
"2026-02-03";"3641.15"

"2026-02-04";"234.29"
"2026-02-04";"236.90"
"2026-02-04";"260.33"
"2026-02-04";"287.91"
"2026-02-04";"291.10"
"2026-02-04";"319.90"
"2026-02-04";"496.90"
"2026-02-04";"517.55"
"2026-02-04";"549.12"
"2026-02-04";"595.90"
"2026-02-04";"611.90"
"2026-02-04";"622.42"
"2026-02-04";"660.90"

"2026-02-05";"260.33"
"2026-02-05";"319.90"
"2026-02-05";"428.33"
"2026-02-05";"435.68"
"2026-02-05";"549.12"
"2026-02-05";"562.70"
"2026-02-05";"603.90"
"2026-02-05";"611.90"
"2026-02-05";"619.00"
"2026-02-05";"622.42"
"2026-02-05";"702.90"
"2026-02-05";"782.90"

"2026-02-06";"234.29"
"2026-02-06";"287.91"
"2026-02-06";"340.40"
"2026-02-06";"496.90"
"2026-02-06";"517.55"
"2026-02-06";"549.12"
"2026-02-06";"595.90"
"2026-02-06";"660.90"
"2026-02-06";"751.90"
"2026-02-06";"850.90"
"2026-02-06";"891.52"
"2026-02-06";"940.90"
"2026-02-06";"951.90"
"2026-02-06";"3499.00"
"2026-02-06";"3641.15"

"2026-02-07";"234.29"
"2026-02-07";"260.33"
"2026-02-07";"287.91"
"2026-02-07";"319.90"
"2026-02-07";"428.94"
"2026-02-07";"436.30"
"2026-02-07";"496.90"
"2026-02-07";"517.55"
"2026-02-07";"549.12"
"2026-02-07";"595.90"
"2026-02-07";"619.00"
"2026-02-07";"660.90"
"2026-02-07";"882.26"
"2026-02-07";"946.90"
"2026-02-07";"1055.90"
"2026-02-07";"1145.90"
"2026-02-07";"3499.00"
"2026-02-07";"3641.15"

"2026-02-08";"496.90"
"2026-02-08";"517.55"
"2026-02-08";"595.90"
"2026-02-08";"660.90"
"2026-02-08";"882.26"
"2026-02-08";"946.90"
"2026-02-08";"951.90"
"2026-02-08";"1055.90"
"2026-02-08";"1145.90"
"2026-02-08";"1562.49"
"2026-02-08";"1775.90"

"2026-02-09";"260.33"
"2026-02-09";"319.90"
"2026-02-09";"562.70"
"2026-02-09";"603.90"
"2026-02-09";"611.90"
"2026-02-09";"622.42"
"2026-02-09";"702.90"
"2026-02-09";"782.90"
"2026-02-09";"1178.11"
"2026-02-09";"1479.78"
"2026-02-09";"1623.90"
"2026-02-09";"1946.88"
